num_stacks,containers_per_stack,normalize_delay,n_containers,plan_length,j_old,g_max_theory,mean_gain_observed,max_gain_observed,tau_rel,tau_abs,tau_effective,predicted_update_possible,n_update,n_seeds,observed_any_update,prediction_correct,margin_form,delay_form
3,3,True,9,21,12.454545454545455,0.45454545454545453,0.0,0.0,0.12454545454545456,,0.12454545454545456,True,0,5,False,False,margin=relative,delay=normalized
4,3,True,12,26,14.462962962962964,0.46296296296296297,0.0,0.0,0.14462962962962964,,0.14462962962962964,True,0,5,False,False,margin=relative,delay=normalized
4,4,True,16,40,24.475609756097562,0.47560975609756095,0.0,0.0,0.24475609756097563,,0.24475609756097563,True,0,5,False,False,margin=relative,delay=normalized
5,4,True,20,47,27.479166666666668,0.4791666666666667,0.0,0.0,0.2747916666666667,,0.2747916666666667,True,0,5,False,False,margin=relative,delay=normalized
6,4,True,24,54,30.48181818181818,0.4818181818181818,0.0,0.0,0.3048181818181818,,0.3048181818181818,True,0,5,False,False,margin=relative,delay=normalized
5,5,True,25,65,40.484848484848484,0.48484848484848486,0.0,0.0,0.40484848484848485,,0.40484848484848485,True,0,5,False,False,margin=relative,delay=normalized
7,4,True,28,61,33.483870967741936,0.4838709677419355,0.0,0.0,0.33483870967741935,,0.33483870967741935,True,0,5,False,False,margin=relative,delay=normalized
6,5,True,30,74,44.486666666666665,0.4866666666666667,0.001734027552586781,0.001734027552586781,0.44486666666666663,,0.44486666666666663,True,0,5,False,False,margin=relative,delay=normalized
8,4,True,32,68,36.48550724637681,0.4855072463768116,0.0,0.0,0.36485507246376814,,0.36485507246376814,True,0,5,False,False,margin=relative,delay=normalized
7,5,True,35,83,48.48809523809524,0.4880952380952381,0.008416947884164472,0.008416947884164472,0.4848809523809524,,0.4848809523809524,True,0,5,False,False,margin=relative,delay=normalized
10,5,True,50,111,61.49107142857143,0.49107142857142855,0.5142769799660272,0.5142769799660272,0.6149107142857143,,0.6149107142857143,False,0,5,False,True,margin=relative,delay=normalized
11,5,True,55,120,65.49173553719008,0.49173553719008267,0.11481037448776306,0.2766687470824678,0.6549173553719009,,0.6549173553719009,False,0,5,False,True,margin=relative,delay=normalized
12,5,True,60,129,69.49230769230769,0.49230769230769234,0.0,0.0,0.6949230769230769,,0.6949230769230769,False,0,5,False,True,margin=relative,delay=normalized
10,7,True,70,173,103.49425287356321,0.4942528735632184,0.0,0.0,1.0349425287356322,,1.0349425287356322,False,0,5,False,True,margin=relative,delay=normalized
12,6,True,72,163,91.4939024390244,0.49390243902439024,0.0,0.0,0.914939024390244,,0.914939024390244,False,0,5,False,True,margin=relative,delay=normalized
14,6,True,84,185,101.49462365591398,0.4946236559139785,0.0,0.0,1.01494623655914,,1.01494623655914,False,0,5,False,True,margin=relative,delay=normalized
3,3,True,9,21,12.454545454545455,0.45454545454545453,0.0,0.0,0.12454545454545456,0.25,0.12454545454545456,True,0,5,False,False,margin=mixed,delay=normalized
4,3,True,12,26,14.462962962962964,0.46296296296296297,0.0,0.0,0.14462962962962964,0.25,0.14462962962962964,True,0,5,False,False,margin=mixed,delay=normalized
4,4,True,16,40,24.475609756097562,0.47560975609756095,0.0,0.0,0.24475609756097563,0.25,0.24475609756097563,True,0,5,False,False,margin=mixed,delay=normalized
5,4,True,20,47,27.479166666666668,0.4791666666666667,0.0,0.0,0.2747916666666667,0.25,0.25,True,0,5,False,False,margin=mixed,delay=normalized
6,4,True,24,54,30.48181818181818,0.4818181818181818,0.0,0.0,0.3048181818181818,0.25,0.25,True,0,5,False,False,margin=mixed,delay=normalized
5,5,True,25,65,40.484848484848484,0.48484848484848486,0.0,0.0,0.40484848484848485,0.25,0.25,True,0,5,False,False,margin=mixed,delay=normalized
7,4,True,28,61,33.483870967741936,0.4838709677419355,0.0,0.0,0.33483870967741935,0.25,0.25,True,0,5,False,False,margin=mixed,delay=normalized
6,5,True,30,74,44.486666666666665,0.4866666666666667,0.001734027552586781,0.001734027552586781,0.44486666666666663,0.25,0.25,True,0,5,False,False,margin=mixed,delay=normalized
8,4,True,32,68,36.48550724637681,0.4855072463768116,0.0,0.0,0.36485507246376814,0.25,0.25,True,0,5,False,False,margin=mixed,delay=normalized
7,5,True,35,83,48.48809523809524,0.4880952380952381,0.008416947884164472,0.008416947884164472,0.4848809523809524,0.25,0.25,True,0,5,False,False,margin=mixed,delay=normalized
10,5,True,50,111,61.49107142857143,0.49107142857142855,0.5142769799660272,0.5142769799660272,0.6149107142857143,0.25,0.25,True,5,5,True,True,margin=mixed,delay=normalized
11,5,True,55,120,65.49173553719008,0.49173553719008267,0.11481037448776306,0.2766687470824678,0.6549173553719009,0.25,0.25,True,2,5,True,True,margin=mixed,delay=normalized
12,5,True,60,129,69.49230769230769,0.49230769230769234,0.0,0.0,0.6949230769230769,0.25,0.25,True,0,5,False,False,margin=mixed,delay=normalized
10,7,True,70,173,103.49425287356321,0.4942528735632184,0.0,0.0,1.0349425287356322,0.25,0.25,True,0,5,False,False,margin=mixed,delay=normalized
12,6,True,72,163,91.4939024390244,0.49390243902439024,0.0,0.0,0.914939024390244,0.25,0.25,True,0,5,False,False,margin=mixed,delay=normalized
14,6,True,84,185,101.49462365591398,0.4946236559139785,0.0,0.0,1.01494623655914,0.25,0.25,True,0,5,False,False,margin=mixed,delay=normalized
3,3,False,9,21,22.0,10.0,1.429277920208483,1.6981808382428376,0.22,,0.22,True,5,5,True,True,margin=relative,delay=actions
4,3,False,12,26,26.5,12.5,6.320242804709714,6.320242804709714,0.265,,0.265,True,5,5,True,True,margin=relative,delay=actions
4,4,False,16,40,43.5,19.5,4.741158085019639,6.53658889262023,0.435,,0.435,True,5,5,True,True,margin=relative,delay=actions
5,4,False,20,47,50.0,23.0,6.765030971559237,13.099611734415795,0.5,,0.5,True,5,5,True,True,margin=relative,delay=actions
6,4,False,24,54,56.5,26.5,10.012943346356275,14.644023180409356,0.5650000000000001,,0.5650000000000001,True,5,5,True,True,margin=relative,delay=actions
5,5,False,25,65,72.0,32.0,10.498198015443986,15.96436559235881,0.72,,0.72,True,5,5,True,True,margin=relative,delay=actions
7,4,False,28,61,63.0,30.0,7.946783940307886,16.175319397448206,0.63,,0.63,True,5,5,True,True,margin=relative,delay=actions
6,5,False,30,74,80.5,36.5,15.275507583581179,21.711013306831866,0.805,,0.805,True,5,5,True,True,margin=relative,delay=actions
8,4,False,32,68,69.5,33.5,9.246412279353551,17.69737346884873,0.6950000000000001,,0.6950000000000001,True,5,5,True,True,margin=relative,delay=actions
7,5,False,35,83,89.0,41.0,14.46901461105212,22.05063632392975,0.89,,0.89,True,5,5,True,True,margin=relative,delay=actions
10,5,False,50,111,116.0,55.0,21.512092419162464,23.553471424961813,1.16,,1.16,True,5,5,True,True,margin=relative,delay=actions
11,5,False,55,120,124.5,59.5,26.37248548736624,29.552484660651473,1.245,,1.245,True,5,5,True,True,margin=relative,delay=actions
12,5,False,60,129,133.0,64.0,22.127987511602736,30.169881839653215,1.33,,1.33,True,5,5,True,True,margin=relative,delay=actions
10,7,False,70,173,189.0,86.0,0.0,0.0,1.8900000000000001,,1.8900000000000001,True,0,5,False,False,margin=relative,delay=actions
12,6,False,72,163,172.0,81.0,30.361328883686536,41.58653285692978,1.72,,1.72,True,5,5,True,True,margin=relative,delay=actions
14,6,False,84,185,193.0,92.0,0.0,0.0,1.93,,1.93,True,0,5,False,False,margin=relative,delay=actions
3,3,False,9,21,22.0,10.0,1.429277920208483,1.6981808382428376,0.22,0.25,0.22,True,5,5,True,True,margin=mixed,delay=actions
4,3,False,12,26,26.5,12.5,6.320242804709714,6.320242804709714,0.265,0.25,0.25,True,5,5,True,True,margin=mixed,delay=actions
4,4,False,16,40,43.5,19.5,4.741158085019639,6.53658889262023,0.435,0.25,0.25,True,5,5,True,True,margin=mixed,delay=actions
5,4,False,20,47,50.0,23.0,6.765030971559237,13.099611734415795,0.5,0.25,0.25,True,5,5,True,True,margin=mixed,delay=actions
6,4,False,24,54,56.5,26.5,10.012943346356275,14.644023180409356,0.5650000000000001,0.25,0.25,True,5,5,True,True,margin=mixed,delay=actions
5,5,False,25,65,72.0,32.0,10.498198015443986,15.96436559235881,0.72,0.25,0.25,True,5,5,True,True,margin=mixed,delay=actions
7,4,False,28,61,63.0,30.0,7.946783940307886,16.175319397448206,0.63,0.25,0.25,True,5,5,True,True,margin=mixed,delay=actions
6,5,False,30,74,80.5,36.5,15.275507583581179,21.711013306831866,0.805,0.25,0.25,True,5,5,True,True,margin=mixed,delay=actions
8,4,False,32,68,69.5,33.5,9.246412279353551,17.69737346884873,0.6950000000000001,0.25,0.25,True,5,5,True,True,margin=mixed,delay=actions
7,5,False,35,83,89.0,41.0,14.46901461105212,22.05063632392975,0.89,0.25,0.25,True,5,5,True,True,margin=mixed,delay=actions
10,5,False,50,111,116.0,55.0,21.512092419162464,23.553471424961813,1.16,0.25,0.25,True,5,5,True,True,margin=mixed,delay=actions
11,5,False,55,120,124.5,59.5,26.37248548736624,29.552484660651473,1.245,0.25,0.25,True,5,5,True,True,margin=mixed,delay=actions
12,5,False,60,129,133.0,64.0,22.127987511602736,30.169881839653215,1.33,0.25,0.25,True,5,5,True,True,margin=mixed,delay=actions
10,7,False,70,173,189.0,86.0,0.0,0.0,1.8900000000000001,0.25,0.25,True,0,5,False,False,margin=mixed,delay=actions
12,6,False,72,163,172.0,81.0,30.361328883686536,41.58653285692978,1.72,0.25,0.25,True,5,5,True,True,margin=mixed,delay=actions
14,6,False,84,185,193.0,92.0,0.0,0.0,1.93,0.25,0.25,True,0,5,False,False,margin=mixed,delay=actions
